id,first_name,last_name,email,gender,ip_address
1,Dmitri,Hawkwood,dhawkwood0@ustream.tv,Male,97.170.131.141
2,Lay,Littleproud,llittleproud1@seesaa.net,Male,81.44.105.213
3,Cassaundra,Rous,crous2@independent.co.uk,Female,200.46.204.180
4,Allan,Redit,aredit3@cisco.com,Male,151.195.235.171
5,Stefan,Parcells,sparcells4@geocities.com,Male,243.76.105.247
6,Maje,Gillivrie,mgillivrie5@angelfire.com,Male,144.252.200.108
7,Raoul,Thripp,rthripp6@microsoft.com,Male,40.248.109.192
8,Elsa,Emanuele,eemanuele7@desdev.cn,Female,121.117.105.119
9,Kacey,Haley,khaley8@examiner.com,Female,112.129.229.110
10,Carlie,Stollsteimer,cstollsteimer9@jigsy.com,Male,228.162.70.205
